BWI0520BG0,MOO1786A,MAD,FRA,1420563408,184,06/01/2015 16:56,06/01/2015 20:00
CXN7304ER0,MOO1786A,MAD,FRA,1420563408,184,06/01/2015 16:56,06/01/2015 20:00
HCA3158QA0,MOO1786A,MAD,FRA,1420563408,184,06/01/2015 16:56,06/01/2015 20:00
IEG9308EA0,MOO1786A,MAD,FRA,1420563408,184,06/01/2015 16:56,06/01/2015 20:00
JBE2302VO0,MOO1786A,MAD,FRA,1420563408,184,06/01/2015 16:56,06/01/2015 20:00
MXU9187YC0,MOO1786A,MAD,FRA,1420563408,184,06/01/2015 16:56,06/01/2015 20:00
PAJ3974RK0,MOO1786A,MAD,FRA,1420563408,184,06/01/2015 16:56,06/01/2015 20:00
POP2875LH0,MOO1786A,MAD,FRA,1420563408,184,06/01/2015 16:56,06/01/2015 20:00
SJD8775RZ0,MOO1786A,MAD,FRA,1420563408,184,06/01/2015 16:56,06/01/2015 20:00
VZY2993ME0,MOO1786A,MAD,FRA,1420563408,184,06/01/2015 16:56,06/01/2015 20:00
WTC9125IE0,MOO1786A,MAD,FRA,1420563408,184,06/01/2015 16:56,06/01/2015 20:00
BWI0520BG1,RUM0422W,MUC,MAD,1420563539,194,06/01/2015 16:58,06/01/2015 20:12
CKZ3132BR0,RUM0422W,MUC,MAD,1420563539,194,06/01/2015 16:58,06/01/2015 20:12
EZC9678QI0,RUM0422W,MUC,MAD,1420563539,194,06/01/2015 16:58,06/01/2015 20:12
HGO4350KK0,RUM0422W,MUC,MAD,1420563539,194,06/01/2015 16:58,06/01/2015 20:12
MXU9187YC1,RUM0422W,MUC,MAD,1420563539,194,06/01/2015 16:58,06/01/2015 20:12
POP2875LH1,RUM0422W,MUC,MAD,1420563539,194,06/01/2015 16:58,06/01/2015 20:12
PUD8209OG0,RUM0422W,MUC,MAD,1420563539,194,06/01/2015 16:58,06/01/2015 20:12
SPR4484HA0,RUM0422W,MUC,MAD,1420563539,194,06/01/2015 16:58,06/01/2015 20:12
WBE6935NU0,RUM0422W,MUC,MAD,1420563539,194,06/01/2015 16:58,06/01/2015 20:12
YMH6360YP0,RUM0422W,MUC,MAD,1420563539,194,06/01/2015 16:58,06/01/2015 20:12
CDC0302NN0,WSK1289Z,CLT,DEN,1420563542,278,06/01/2015 16:59,06/01/2015 21:37
CKZ3132BR1,WSK1289Z,CLT,DEN,1420563542,278,06/01/2015 16:59,06/01/2015 21:37
CXN7304ER1,WSK1289Z,CLT,DEN,1420563542,278,06/01/2015 16:59,06/01/2015 21:37
CYJ0225CH0,WSK1289Z,CLT,DEN,1420563542,278,06/01/2015 16:59,06/01/2015 21:37
DAZ3029XA0,WSK1289Z,CLT,DEN,1420563542,278,06/01/2015 16:59,06/01/2015 21:37
EDV2089LK0,WSK1289Z,CLT,DEN,1420563542,278,06/01/2015 16:59,06/01/2015 21:37
EZC9678QI1,WSK1289Z,CLT,DEN,1420563542,278,06/01/2015 16:59,06/01/2015 21:37
HGO4350KK1,WSK1289Z,CLT,DEN,1420563542,278,06/01/2015 16:59,06/01/2015 21:37
JJM4724RF0,WSK1289Z,CLT,DEN,1420563542,278,06/01/2015 16:59,06/01/2015 21:37
ONL0812DH0,WSK1289Z,CLT,DEN,1420563542,278,06/01/2015 16:59,06/01/2015 21:37
PIT2755XC0,WSK1289Z,CLT,DEN,1420563542,278,06/01/2015 16:59,06/01/2015 21:37
SJD8775RZ1,WSK1289Z,CLT,DEN,1420563542,278,06/01/2015 16:59,06/01/2015 21:37
SPR4484HA1,WSK1289Z,CLT,DEN,1420563542,278,06/01/2015 16:59,06/01/2015 21:37
UES9151GS0,WSK1289Z,CLT,DEN,1420563542,278,06/01/2015 16:59,06/01/2015 21:37
VZY2993ME1,WSK1289Z,CLT,DEN,1420563542,278,06/01/2015 16:59,06/01/2015 21:37
WYU2010YH0,WSK1289Z,CLT,DEN,1420563542,278,06/01/2015 16:59,06/01/2015 21:37
XFG5747ZT0,WSK1289Z,CLT,DEN,1420563542,278,06/01/2015 16:59,06/01/2015 21:37
YMH6360YP1,WSK1289Z,CLT,DEN,1420563542,278,06/01/2015 16:59,06/01/2015 21:37
CXN7304ER2,RPG3351U,HND,CAN,1420563569,374,06/01/2015 16:59,06/01/2015 23:13
EZC9678QI2,RPG3351U,HND,CAN,1420563569,374,06/01/2015 16:59,06/01/2015 23:13
HCA3158QA1,RPG3351U,HND,CAN,1420563569,374,06/01/2015 16:59,06/01/2015 23:13
JBE2302VO1,RPG3351U,HND,CAN,1420563569,374,06/01/2015 16:59,06/01/2015 23:13
ONL0812DH1,RPG3351U,HND,CAN,1420563569,374,06/01/2015 16:59,06/01/2015 23:13
PAJ3974RK1,RPG3351U,HND,CAN,1420563569,374,06/01/2015 16:59,06/01/2015 23:13
POP2875LH2,RPG3351U,HND,CAN,1420563569,374,06/01/2015 16:59,06/01/2015 23:13
SJD8775RZ2,RPG3351U,HND,CAN,1420563569,374,06/01/2015 16:59,06/01/2015 23:13
SPR4484HA2,RPG3351U,HND,CAN,1420563569,374,06/01/2015 16:59,06/01/2015 23:13
VZY2993ME2,RPG3351U,HND,CAN,1420563569,374,06/01/2015 16:59,06/01/2015 23:13
WBE6935NU1,RPG3351U,HND,CAN,1420563569,374,06/01/2015 16:59,06/01/2015 23:13
CXN7304ER3,SOH3431A,ORD,MIA,1420563649,250,06/01/2015 17:00,06/01/2015 21:10
DAZ3029XA1,SOH3431A,ORD,MIA,1420563649,250,06/01/2015 17:00,06/01/2015 21:10
EZC9678QI3,SOH3431A,ORD,MIA,1420563649,250,06/01/2015 17:00,06/01/2015 21:10
HGO4350KK2,SOH3431A,ORD,MIA,1420563649,250,06/01/2015 17:00,06/01/2015 21:10
IEG9308EA1,SOH3431A,ORD,MIA,1420563649,250,06/01/2015 17:00,06/01/2015 21:10
JBE2302VO2,SOH3431A,ORD,MIA,1420563649,250,06/01/2015 17:00,06/01/2015 21:10
JJM4724RF1,SOH3431A,ORD,MIA,1420563649,250,06/01/2015 17:00,06/01/2015 21:10
KKP5277HZ0,SOH3431A,ORD,MIA,1420563649,250,06/01/2015 17:00,06/01/2015 21:10
ONL0812DH2,SOH3431A,ORD,MIA,1420563649,250,06/01/2015 17:00,06/01/2015 21:10
PIT2755XC1,SOH3431A,ORD,MIA,1420563649,250,06/01/2015 17:00,06/01/2015 21:10
POP2875LH3,SOH3431A,ORD,MIA,1420563649,250,06/01/2015 17:00,06/01/2015 21:10
PUD8209OG1,SOH3431A,ORD,MIA,1420563649,250,06/01/2015 17:00,06/01/2015 21:10
SJD8775RZ3,SOH3431A,ORD,MIA,1420563649,250,06/01/2015 17:00,06/01/2015 21:10
WYU2010YH1,SOH3431A,ORD,MIA,1420563649,250,06/01/2015 17:00,06/01/2015 21:10
XFG5747ZT1,SOH3431A,ORD,MIA,1420563649,250,06/01/2015 17:00,06/01/2015 21:10
CKZ3132BR2,MBA8071P,KUL,PEK,1420563856,572,06/01/2015 17:04,07/01/2015 02:36
CYJ0225CH1,MBA8071P,KUL,PEK,1420563856,572,06/01/2015 17:04,07/01/2015 02:36
DAZ3029XA2,MBA8071P,KUL,PEK,1420563856,572,06/01/2015 17:04,07/01/2015 02:36
EZC9678QI4,MBA8071P,KUL,PEK,1420563856,572,06/01/2015 17:04,07/01/2015 02:36
HCA3158QA2,MBA8071P,KUL,PEK,1420563856,572,06/01/2015 17:04,07/01/2015 02:36
JJM4724RF2,MBA8071P,KUL,PEK,1420563856,572,06/01/2015 17:04,07/01/2015 02:36
LLZ3798PE0,MBA8071P,KUL,PEK,1420563856,572,06/01/2015 17:04,07/01/2015 02:36
ONL0812DH3,MBA8071P,KUL,PEK,1420563856,572,06/01/2015 17:04,07/01/2015 02:36
PAJ3974RK2,MBA8071P,KUL,PEK,1420563856,572,06/01/2015 17:04,07/01/2015 02:36
POP2875LH4,MBA8071P,KUL,PEK,1420563856,572,06/01/2015 17:04,07/01/2015 02:36
PUD8209OG2,MBA8071P,KUL,PEK,1420563856,572,06/01/2015 17:04,07/01/2015 02:36
SPR4484HA3,MBA8071P,KUL,PEK,1420563856,572,06/01/2015 17:04,07/01/2015 02:36
WTC9125IE1,MBA8071P,KUL,PEK,1420563856,572,06/01/2015 17:04,07/01/2015 02:36
BWI0520BG2,XXQ4064B,JFK,FRA,1420563917,802,06/01/2015 17:05,07/01/2015 06:27
CDC0302NN1,XXQ4064B,JFK,FRA,1420563917,802,06/01/2015 17:05,07/01/2015 06:27
CKZ3132BR3,XXQ4064B,JFK,FRA,1420563917,802,06/01/2015 17:05,07/01/2015 06:27
CYJ0225CH2,XXQ4064B,JFK,FRA,1420563917,802,06/01/2015 17:05,07/01/2015 06:27
DAZ3029XA3,XXQ4064B,JFK,FRA,1420563917,802,06/01/2015 17:05,07/01/2015 06:27
HCA3158QA3,XXQ4064B,JFK,FRA,1420563917,802,06/01/2015 17:05,07/01/2015 06:27
HGO4350KK3,XXQ4064B,JFK,FRA,1420563917,802,06/01/2015 17:05,07/01/2015 06:27
JJM4724RF3,XXQ4064B,JFK,FRA,1420563917,802,06/01/2015 17:05,07/01/2015 06:27
LLZ3798PE1,XXQ4064B,JFK,FRA,1420563917,802,06/01/2015 17:05,07/01/2015 06:27
MXU9187YC2,XXQ4064B,JFK,FRA,1420563917,802,06/01/2015 17:05,07/01/2015 06:27
ONL0812DH4,XXQ4064B,JFK,FRA,1420563917,802,06/01/2015 17:05,07/01/2015 06:27
POP2875LH5,XXQ4064B,JFK,FRA,1420563917,802,06/01/2015 17:05,07/01/2015 06:27
PUD8209OG3,XXQ4064B,JFK,FRA,1420563917,802,06/01/2015 17:05,07/01/2015 06:27
SJD8775RZ4,XXQ4064B,JFK,FRA,1420563917,802,06/01/2015 17:05,07/01/2015 06:27
UES9151GS1,XXQ4064B,JFK,FRA,1420563917,802,06/01/2015 17:05,07/01/2015 06:27
UMH6360YP0,XXQ4064B,JFK,FRA,1420563917,802,06/01/2015 17:05,07/01/2015 06:27
WYU2010YH2,XXQ4064B,JFK,FRA,1420563917,802,06/01/2015 17:05,07/01/2015 06:27
XFG5747ZT2,XXQ4064B,JFK,FRA,1420563917,802,06/01/2015 17:05,07/01/2015 06:27
YMH6360YP2,XXQ4064B,JFK,FRA,1420563917,802,06/01/2015 17:05,07/01/2015 06:27
EZC9678QI5,DKZ3042O,MIA,SFO,1420563927,538,06/01/2015 17:05,07/01/2015 02:03
HCA3158QA4,DKZ3042O,MIA,SFO,1420563927,538,06/01/2015 17:05,07/01/2015 02:03
IEG9308EA2,DKZ3042O,MIA,SFO,1420563927,538,06/01/2015 17:05,07/01/2015 02:03
JJM4724RF4,DKZ3042O,MIA,SFO,1420563927,538,06/01/2015 17:05,07/01/2015 02:03
KKP5277HZ1,DKZ3042O,MIA,SFO,1420563927,538,06/01/2015 17:05,07/01/2015 02:03
MXU9187YC3,DKZ3042O,MIA,SFO,1420563927,538,06/01/2015 17:05,07/01/2015 02:03
PUD8209OG4,DKZ3042O,MIA,SFO,1420563927,538,06/01/2015 17:05,07/01/2015 02:03
SPR4484HA4,DKZ3042O,MIA,SFO,1420563927,538,06/01/2015 17:05,07/01/2015 02:03
WTC9125IE2,DKZ3042O,MIA,SFO,1420563927,538,06/01/2015 17:05,07/01/2015 02:03
XFG5747ZT3,DKZ3042O,MIA,SFO,1420563927,538,06/01/2015 17:05,07/01/2015 02:03
CKZ3132BR4,TMV7633W,CGK,DXB,1420563958,849,06/01/2015 17:05,07/01/2015 07:14
DAZ3029XA4,TMV7633W,CGK,DXB,1420563958,849,06/01/2015 17:05,07/01/2015 07:14
HCA3158QA5,TMV7633W,CGK,DXB,1420563958,849,06/01/2015 17:05,07/01/2015 07:14
IEG9308EA3,TMV7633W,CGK,DXB,1420563958,849,06/01/2015 17:05,07/01/2015 07:14
LLZ3798PE2,TMV7633W,CGK,DXB,1420563958,849,06/01/2015 17:05,07/01/2015 07:14
ONL0812DH5,TMV7633W,CGK,DXB,1420563958,849,06/01/2015 17:05,07/01/2015 07:14
SJD8775RZ5,TMV7633W,CGK,DXB,1420563958,849,06/01/2015 17:05,07/01/2015 07:14
UES9151GS2,TMV7633W,CGK,DXB,1420563958,849,06/01/2015 17:05,07/01/2015 07:14
VZY2993ME3,TMV7633W,CGK,DXB,1420563958,849,06/01/2015 17:05,07/01/2015 07:14
WTC9125IE3,TMV7633W,CGK,DXB,1420563958,849,06/01/2015 17:05,07/01/2015 07:14
WYU2010YH3,TMV7633W,CGK,DXB,1420563958,849,06/01/2015 17:05,07/01/2015 07:14
CKZ3132BR5,XOY7948U,ATL,LHR,1420564038,877,06/01/2015 17:07,07/01/2015 07:44
CXN7304ER4,XOY7948U,ATL,LHR,1420564038,877,06/01/2015 17:07,07/01/2015 07:44
EZC9678QI6,XOY7948U,ATL,LHR,1420564038,877,06/01/2015 17:07,07/01/2015 07:44
HCA3158QA6,XOY7948U,ATL,LHR,1420564038,877,06/01/2015 17:07,07/01/2015 07:44
HGO4350KK4,XOY7948U,ATL,LHR,1420564038,877,06/01/2015 17:07,07/01/2015 07:44
IEG9308EA4,XOY7948U,ATL,LHR,1420564038,877,06/01/2015 17:07,07/01/2015 07:44
PIT2755XC2,XOY7948U,ATL,LHR,1420564038,877,06/01/2015 17:07,07/01/2015 07:44
POP2875LH6,XOY7948U,ATL,LHR,1420564038,877,06/01/2015 17:07,07/01/2015 07:44
SPR4484HA5,XOY7948U,ATL,LHR,1420564038,877,06/01/2015 17:07,07/01/2015 07:44
UES9151GS3,XOY7948U,ATL,LHR,1420564038,877,06/01/2015 17:07,07/01/2015 07:44
VZY2993ME4,XOY7948U,ATL,LHR,1420564038,877,06/01/2015 17:07,07/01/2015 07:44
WBE6935NU2,XOY7948U,ATL,LHR,1420564038,877,06/01/2015 17:07,07/01/2015 07:44
WTC9125IE4,XOY7948U,ATL,LHR,1420564038,877,06/01/2015 17:07,07/01/2015 07:44
WYU2010YH4,XOY7948U,ATL,LHR,1420564038,877,06/01/2015 17:07,07/01/2015 07:44
YMH6360YP3,XOY7948U,ATL,LHR,1420564038,877,06/01/2015 17:07,07/01/2015 07:44
BWI0520BG3,GMO5938W,LHR,PEK,1420564317,1057,06/01/2015 17:11,07/01/2015 10:48
CKZ3132BR6,GMO5938W,LHR,PEK,1420564317,1057,06/01/2015 17:11,07/01/2015 10:48
CXN7304ER5,GMO5938W,LHR,PEK,1420564317,1057,06/01/2015 17:11,07/01/2015 10:48
CYJ0225CH3,GMO5938W,LHR,PEK,1420564317,1057,06/01/2015 17:11,07/01/2015 10:48
DAZ3029XA5,GMO5938W,LHR,PEK,1420564317,1057,06/01/2015 17:11,07/01/2015 10:48
EDV2089LK1,GMO5938W,LHR,PEK,1420564317,1057,06/01/2015 17:11,07/01/2015 10:48
EZC9678QI7,GMO5938W,LHR,PEK,1420564317,1057,06/01/2015 17:11,07/01/2015 10:48
HCA3158QA7,GMO5938W,LHR,PEK,1420564317,1057,06/01/2015 17:11,07/01/2015 10:48
IEG9308EA5,GMO5938W,LHR,PEK,1420564317,1057,06/01/2015 17:11,07/01/2015 10:48
JBE2302VO3,GMO5938W,LHR,PEK,1420564317,1057,06/01/2015 17:11,07/01/2015 10:48
JJM4724RF5,GMO5938W,LHR,PEK,1420564317,1057,06/01/2015 17:11,07/01/2015 10:48
PAJ3974RK3,GMO5938W,LHR,PEK,1420564317,1057,06/01/2015 17:11,07/01/2015 10:48
SPR4484HA6,GMO5938W,LHR,PEK,1420564317,1057,06/01/2015 17:11,07/01/2015 10:48
UES9151GS4,GMO5938W,LHR,PEK,1420564317,1057,06/01/2015 17:11,07/01/2015 10:48
WBE6935NU3,GMO5938W,LHR,PEK,1420564317,1057,06/01/2015 17:11,07/01/2015 10:48
WTC9125IE5,GMO5938W,LHR,PEK,1420564317,1057,06/01/2015 17:11,07/01/2015 10:48
YMH6360YP4,GMO5938W,LHR,PEK,1420564317,1057,06/01/2015 17:11,07/01/2015 10:48
BWI0520BG4,HZT2506M,IAH,AMS,1420564324,1044,06/01/2015 17:12,07/01/2015 10:36
CDC0302NN2,HZT2506M,IAH,AMS,1420564324,1044,06/01/2015 17:12,07/01/2015 10:36
CKZ3132BR7,HZT2506M,IAH,AMS,1420564324,1044,06/01/2015 17:12,07/01/2015 10:36
EZC9678QI8,HZT2506M,IAH,AMS,1420564324,1044,06/01/2015 17:12,07/01/2015 10:36
HGO4350KK5,HZT2506M,IAH,AMS,1420564324,1044,06/01/2015 17:12,07/01/2015 10:36
JBE2302VO4,HZT2506M,IAH,AMS,1420564324,1044,06/01/2015 17:12,07/01/2015 10:36
JJM4724RF6,HZT2506M,IAH,AMS,1420564324,1044,06/01/2015 17:12,07/01/2015 10:36
KKP5277HZ2,HZT2506M,IAH,AMS,1420564324,1044,06/01/2015 17:12,07/01/2015 10:36
POP2875LH7,HZT2506M,IAH,AMS,1420564324,1044,06/01/2015 17:12,07/01/2015 10:36
SJD8775RZ6,HZT2506M,IAH,AMS,1420564324,1044,06/01/2015 17:12,07/01/2015 10:36
DAZ3029XA6,ATT7791R,AMS,DEN,1420564394,1001,06/01/2015 17:13,07/01/2015 09:54
EDV2089LK2,ATT7791R,AMS,DEN,1420564394,1001,06/01/2015 17:13,07/01/2015 09:54
EZC9678QI9,ATT7791R,AMS,DEN,1420564394,1001,06/01/2015 17:13,07/01/2015 09:54
MXU9187YC4,ATT7791R,AMS,DEN,1420564394,1001,06/01/2015 17:13,07/01/2015 09:54
ONL0812DH6,ATT7791R,AMS,DEN,1420564394,1001,06/01/2015 17:13,07/01/2015 09:54
PAJ3974RK4,ATT7791R,AMS,DEN,1420564394,1001,06/01/2015 17:13,07/01/2015 09:54
PIT2755XC3,ATT7791R,AMS,DEN,1420564394,1001,06/01/2015 17:13,07/01/2015 09:54
SPR4484HA7,ATT7791R,AMS,DEN,1420564394,1001,06/01/2015 17:13,07/01/2015 09:54
UES9151GS5,ATT7791R,AMS,DEN,1420564394,1001,06/01/2015 17:13,07/01/2015 09:54
WBE6935NU4,ATT7791R,AMS,DEN,1420564394,1001,06/01/2015 17:13,07/01/2015 09:54
YMH6360YP5,ATT7791R,AMS,DEN,1420564394,1001,06/01/2015 17:13,07/01/2015 09:54
CDC0302NN3,PME8178S,DEN,PEK,1420564409,1322,06/01/2015 17:13,07/01/2015 15:15
CKZ3132BR8,PME8178S,DEN,PEK,1420564409,1322,06/01/2015 17:13,07/01/2015 15:15
CXN7304ER6,PME8178S,DEN,PEK,1420564409,1322,06/01/2015 17:13,07/01/2015 15:15
CYJ0225CH4,PME8178S,DEN,PEK,1420564409,1322,06/01/2015 17:13,07/01/2015 15:15
EDV2089LK3,PME8178S,DEN,PEK,1420564409,1322,06/01/2015 17:13,07/01/2015 15:15
HCA3158QA8,PME8178S,DEN,PEK,1420564409,1322,06/01/2015 17:13,07/01/2015 15:15
HGO4350KK6,PME8178S,DEN,PEK,1420564409,1322,06/01/2015 17:13,07/01/2015 15:15
JJM4724RF7,PME8178S,DEN,PEK,1420564409,1322,06/01/2015 17:13,07/01/2015 15:15
KKP5277HZ3,PME8178S,DEN,PEK,1420564409,1322,06/01/2015 17:13,07/01/2015 15:15
MXU9187YC5,PME8178S,DEN,PEK,1420564409,1322,06/01/2015 17:13,07/01/2015 15:15
PUD8209OG5,PME8178S,DEN,PEK,1420564409,1322,06/01/2015 17:13,07/01/2015 15:15
UES9151GS6,PME8178S,DEN,PEK,1420564409,1322,06/01/2015 17:13,07/01/2015 15:15
WYU2010YH5,PME8178S,DEN,PEK,1420564409,1322,06/01/2015 17:13,07/01/2015 15:15
XFG5747ZT4,PME8178S,DEN,PEK,1420564409,1322,06/01/2015 17:13,07/01/2015 15:15
YMH6360YP6,PME8178S,DEN,PEK,1420564409,1322,06/01/2015 17:13,07/01/2015 15:15
CDC0302NN4,XIL3623J,PEK,LAX,1420564414,1302,06/01/2015 17:13,07/01/2015 14:55
CKZ3132BR9,XIL3623J,PEK,LAX,1420564414,1302,06/01/2015 17:13,07/01/2015 14:55
CYJ0225CH5,XIL3623J,PEK,LAX,1420564414,1302,06/01/2015 17:13,07/01/2015 14:55
DAZ3029XA7,XIL3623J,PEK,LAX,1420564414,1302,06/01/2015 17:13,07/01/2015 14:55
EDV2089LK4,XIL3623J,PEK,LAX,1420564414,1302,06/01/2015 17:13,07/01/2015 14:55
JJM4724RF8,XIL3623J,PEK,LAX,1420564414,1302,06/01/2015 17:13,07/01/2015 14:55
LLZ3798PE3,XIL3623J,PEK,LAX,1420564414,1302,06/01/2015 17:13,07/01/2015 14:55
VZY2993ME5,XIL3623J,PEK,LAX,1420564414,1302,06/01/2015 17:13,07/01/2015 14:55
WTC9125IE6,XIL3623J,PEK,LAX,1420564414,1302,06/01/2015 17:13,07/01/2015 14:55
WYU2010YH6,XIL3623J,PEK,LAX,1420564414,1302,06/01/2015 17:13,07/01/2015 14:55
YMH6360YP7,XIL3623J,PEK,LAX,1420564414,1302,06/01/2015 17:13,07/01/2015 14:55
CYJ0225CH6,SQU6245R,DEN,FRA,1420564460,1049,06/01/2015 17:14,07/01/2015 10:43
DAZ3029XA8,SQU6245R,DEN,FRA,1420564460,1049,06/01/2015 17:14,07/01/2015 10:43
HCA3158QA9,SQU6245R,DEN,FRA,1420564460,1049,06/01/2015 17:14,07/01/2015 10:43
HGO4350KK7,SQU6245R,DEN,FRA,1420564460,1049,06/01/2015 17:14,07/01/2015 10:43
IEG9308EA6,SQU6245R,DEN,FRA,1420564460,1049,06/01/2015 17:14,07/01/2015 10:43
JBE2302VO5,SQU6245R,DEN,FRA,1420564460,1049,06/01/2015 17:14,07/01/2015 10:43
LLZ3798PE4,SQU6245R,DEN,FRA,1420564460,1049,06/01/2015 17:14,07/01/2015 10:43
MXU9187YC6,SQU6245R,DEN,FRA,1420564460,1049,06/01/2015 17:14,07/01/2015 10:43
PIT2755XC4,SQU6245R,DEN,FRA,1420564460,1049,06/01/2015 17:14,07/01/2015 10:43
PUD8209OG6,SQU6245R,DEN,FRA,1420564460,1049,06/01/2015 17:14,07/01/2015 10:43
SJD8775RZ7,SQU6245R,DEN,FRA,1420564460,1049,06/01/2015 17:14,07/01/2015 10:43
SPR4484HA8,SQU6245R,DEN,FRA,1420564460,1049,06/01/2015 17:14,07/01/2015 10:43
UES9151GS7,SQU6245R,DEN,FRA,1420564460,1049,06/01/2015 17:14,07/01/2015 10:43
VZY2993ME6,SQU6245R,DEN,FRA,1420564460,1049,06/01/2015 17:14,07/01/2015 10:43
WBE6935NU5,SQU6245R,DEN,FRA,1420564460,1049,06/01/2015 17:14,07/01/2015 10:43
XFG5747ZT5,SQU6245R,DEN,FRA,1420564460,1049,06/01/2015 17:14,07/01/2015 10:43
YMH6360YP8,SQU6245R,DEN,FRA,1420564460,1049,06/01/2015 17:14,07/01/2015 10:43
BWI0520BG6,QHU1140O,CDG,LAS,1420564498,1133,06/01/2015 17:14,07/01/2015 12:07
CDC0302NN5,QHU1140O,CDG,LAS,1420564498,1133,06/01/2015 17:14,07/01/2015 12:07
CKZ3133BR0,QHU1140O,CDG,LAS,1420564498,1133,06/01/2015 17:14,07/01/2015 12:07
HCA3159QA0,QHU1140O,CDG,LAS,1420564498,1133,06/01/2015 17:14,07/01/2015 12:07
HGO4350KK8,QHU1140O,CDG,LAS,1420564498,1133,06/01/2015 17:14,07/01/2015 12:07
JBE2302VO6,QHU1140O,CDG,LAS,1420564498,1133,06/01/2015 17:14,07/01/2015 12:07
JJM4724RF9,QHU1140O,CDG,LAS,1420564498,1133,06/01/2015 17:14,07/01/2015 12:07
LLZ3798PE5,QHU1140O,CDG,LAS,1420564498,1133,06/01/2015 17:14,07/01/2015 12:07
MXU9187YC7,QHU1140O,CDG,LAS,1420564498,1133,06/01/2015 17:14,07/01/2015 12:07
PAJ3974RK5,QHU1140O,CDG,LAS,1420564498,1133,06/01/2015 17:14,07/01/2015 12:07
PUD8209OG7,QHU1140O,CDG,LAS,1420564498,1133,06/01/2015 17:14,07/01/2015 12:07
SJD8775RZ8,QHU1140O,CDG,LAS,1420564498,1133,06/01/2015 17:14,07/01/2015 12:07
UES9151GS8,QHU1140O,CDG,LAS,1420564498,1133,06/01/2015 17:14,07/01/2015 12:07
WBE6935NU6,QHU1140O,CDG,LAS,1420564498,1133,06/01/2015 17:14,07/01/2015 12:07
CKZ3133BR1,HUR0974O,DEN,PVG,1420564525,1398,06/01/2015 17:15,07/01/2015 16:33
CYJ0225CH7,HUR0974O,DEN,PVG,1420564525,1398,06/01/2015 17:15,07/01/2015 16:33
EDV2089LK5,HUR0974O,DEN,PVG,1420564525,1398,06/01/2015 17:15,07/01/2015 16:33
JJM4725RF0,HUR0974O,DEN,PVG,1420564525,1398,06/01/2015 17:15,07/01/2015 16:33
PUD8209OG8,HUR0974O,DEN,PVG,1420564525,1398,06/01/2015 17:15,07/01/2015 16:33
XFG5747ZT6,HUR0974O,DEN,PVG,1420564525,1398,06/01/2015 17:15,07/01/2015 16:33
BWI0520BG7,JVY9791G,PVG,FCO,1420564561,1189,06/01/2015 17:16,07/01/2015 13:05
CDC0302NN6,JVY9791G,PVG,FCO,1420564561,1189,06/01/2015 17:16,07/01/2015 13:05
CKZ3133BR2,JVY9791G,PVG,FCO,1420564561,1189,06/01/2015 17:16,07/01/2015 13:05
CXN7304ER7,JVY9791G,PVG,FCO,1420564561,1189,06/01/2015 17:16,07/01/2015 13:05
EZC9679QI0,JVY9791G,PVG,FCO,1420564561,1189,06/01/2015 17:16,07/01/2015 13:05
HCA3159QA1,JVY9791G,PVG,FCO,1420564561,1189,06/01/2015 17:16,07/01/2015 13:05
HGO4350KK9,JVY9791G,PVG,FCO,1420564561,1189,06/01/2015 17:16,07/01/2015 13:05
JBE2302VO7,JVY9791G,PVG,FCO,1420564561,1189,06/01/2015 17:16,07/01/2015 13:05
LLZ3798PE6,JVY9791G,PVG,FCO,1420564561,1189,06/01/2015 17:16,07/01/2015 13:05
MXU9187YC8,JVY9791G,PVG,FCO,1420564561,1189,06/01/2015 17:16,07/01/2015 13:05
POP2875LH8,JVY9791G,PVG,FCO,1420564561,1189,06/01/2015 17:16,07/01/2015 13:05
SPR4484HA9,JVY9791G,PVG,FCO,1420564561,1189,06/01/2015 17:16,07/01/2015 13:05
UES9151GS9,JVY9791G,PVG,FCO,1420564561,1189,06/01/2015 17:16,07/01/2015 13:05
VZY2993ME7,JVY9791G,PVG,FCO,1420564561,1189,06/01/2015 17:16,07/01/2015 13:05
WBE6935NU7,JVY9791G,PVG,FCO,1420564561,1189,06/01/2015 17:16,07/01/2015 13:05
WYU2010YH7,JVY9791G,PVG,FCO,1420564561,1189,06/01/2015 17:16,07/01/2015 13:05
YMH6360YP9,JVY9791G,PVG,FCO,1420564561,1189,06/01/2015 17:16,07/01/2015 13:05
BWI0520BG8,VDC9164W,FCO,LAS,1420564698,1276,06/01/2015 17:18,07/01/2015 14:34
CXN7304ER8,VDC9164W,FCO,LAS,1420564698,1276,06/01/2015 17:18,07/01/2015 14:34
DAZ3029XA9,VDC9164W,FCO,LAS,1420564698,1276,06/01/2015 17:18,07/01/2015 14:34
JBE2302VO8,VDC9164W,FCO,LAS,1420564698,1276,06/01/2015 17:18,07/01/2015 14:34
KKP5277HZ4,VDC9164W,FCO,LAS,1420564698,1276,06/01/2015 17:18,07/01/2015 14:34
MXU9187YC9,VDC9164W,FCO,LAS,1420564698,1276,06/01/2015 17:18,07/01/2015 14:34
PUD8209OG9,VDC9164W,FCO,LAS,1420564698,1276,06/01/2015 17:18,07/01/2015 14:34
SJD8775RZ9,VDC9164W,FCO,LAS,1420564698,1276,06/01/2015 17:18,07/01/2015 14:34
SPR4485HA0,VDC9164W,FCO,LAS,1420564698,1276,06/01/2015 17:18,07/01/2015 14:34
UES9152GS0,VDC9164W,FCO,LAS,1420564698,1276,06/01/2015 17:18,07/01/2015 14:34
WYU2010YH8,VDC9164W,FCO,LAS,1420564698,1276,06/01/2015 17:18,07/01/2015 14:34
EDV2089LK6,VYU9214I,ORD,DXB,1420564716,1510,06/01/2015 17:18,07/01/2015 18:28
EZC9679QI1,VYU9214I,ORD,DXB,1420564716,1510,06/01/2015 17:18,07/01/2015 18:28
HCA3159QA2,VYU9214I,ORD,DXB,1420564716,1510,06/01/2015 17:18,07/01/2015 18:28
HGO4351KK0,VYU9214I,ORD,DXB,1420564716,1510,06/01/2015 17:18,07/01/2015 18:28
IEG9308EA7,VYU9214I,ORD,DXB,1420564716,1510,06/01/2015 17:18,07/01/2015 18:28
JBE2302VO9,VYU9214I,ORD,DXB,1420564716,1510,06/01/2015 17:18,07/01/2015 18:28
LLZ3798PE7,VYU9214I,ORD,DXB,1420564716,1510,06/01/2015 17:18,07/01/2015 18:28
ONL0812DH7,VYU9214I,ORD,DXB,1420564716,1510,06/01/2015 17:18,07/01/2015 18:28
POP2875LH9,VYU9214I,ORD,DXB,1420564716,1510,06/01/2015 17:18,07/01/2015 18:28
PUD8210OG0,VYU9214I,ORD,DXB,1420564716,1510,06/01/2015 17:18,07/01/2015 18:28
WBE6935NU8,VYU9214I,ORD,DXB,1420564716,1510,06/01/2015 17:18,07/01/2015 18:28
WTC9125IE7,VYU9214I,ORD,DXB,1420564716,1510,06/01/2015 17:18,07/01/2015 18:28
CXN7304ER9,WPW9201U,DFW,PEK,1420564869,1452,06/01/2015 17:21,07/01/2015 17:33
DAZ3030XA0,WPW9201U,DFW,PEK,1420564869,1452,06/01/2015 17:21,07/01/2015 17:33
HGO4351KK1,WPW9201U,DFW,PEK,1420564869,1452,06/01/2015 17:21,07/01/2015 17:33
JJM4725RF1,WPW9201U,DFW,PEK,1420564869,1452,06/01/2015 17:21,07/01/2015 17:33
UES9152GS1,WPW9201U,DFW,PEK,1420564869,1452,06/01/2015 17:21,07/01/2015 17:33
WBE6935NU9,WPW9201U,DFW,PEK,1420564869,1452,06/01/2015 17:21,07/01/2015 17:33
WTC9125IE8,WPW9201U,DFW,PEK,1420564869,1452,06/01/2015 17:21,07/01/2015 17:33
WYU2010YH9,WPW9201U,DFW,PEK,1420564869,1452,06/01/2015 17:21,07/01/2015 17:33
YMH6361YP0,WPW9201U,DFW,PEK,1420564869,1452,06/01/2015 17:21,07/01/2015 17:33
BWI0520BG9,EWH6301Y,CAN,DFW,1420564967,1683,06/01/2015 17:22,07/01/2015 21:25
DAZ3030XA1,EWH6301Y,CAN,DFW,1420564967,1683,06/01/2015 17:22,07/01/2015 21:25
EZC9679QI2,EWH6301Y,CAN,DFW,1420564967,1683,06/01/2015 17:22,07/01/2015 21:25
HGO4351KK2,EWH6301Y,CAN,DFW,1420564967,1683,06/01/2015 17:22,07/01/2015 21:25
LLZ3798PE8,EWH6301Y,CAN,DFW,1420564967,1683,06/01/2015 17:22,07/01/2015 21:25
PAJ3974RK6,EWH6301Y,CAN,DFW,1420564967,1683,06/01/2015 17:22,07/01/2015 21:25
VZY2993ME8,EWH6301Y,CAN,DFW,1420564967,1683,06/01/2015 17:22,07/01/2015 21:25
CDC0302NN7,ULZ8130D,CAN,DFW,1420564983,1683,06/01/2015 17:23,07/01/2015 21:26
CXN7305ER0,ULZ8130D,CAN,DFW,1420564983,1683,06/01/2015 17:23,07/01/2015 21:26
DAZ3030XA2,ULZ8130D,CAN,DFW,1420564983,1683,06/01/2015 17:23,07/01/2015 21:26
EDV2089LK7,ULZ8130D,CAN,DFW,1420564983,1683,06/01/2015 17:23,07/01/2015 21:26
EZC9679QI3,ULZ8130D,CAN,DFW,1420564983,1683,06/01/2015 17:23,07/01/2015 21:26
HCA3159QA3,ULZ8130D,CAN,DFW,1420564983,1683,06/01/2015 17:23,07/01/2015 21:26
JBE2303VO0,ULZ8130D,CAN,DFW,1420564983,1683,06/01/2015 17:23,07/01/2015 21:26
LLZ3798PE9,ULZ8130D,CAN,DFW,1420564983,1683,06/01/2015 17:23,07/01/2015 21:26
ONL0812DH8,ULZ8130D,CAN,DFW,1420564983,1683,06/01/2015 17:23,07/01/2015 21:26
PIT2755XC5,ULZ8130D,CAN,DFW,1420564983,1683,06/01/2015 17:23,07/01/2015 21:26
PUD8210OG1,ULZ8130D,CAN,DFW,1420564983,1683,06/01/2015 17:23,07/01/2015 21:26
SJD8776RZ0,ULZ8130D,CAN,DFW,1420564983,1683,06/01/2015 17:23,07/01/2015 21:26
SPR4485HA1,ULZ8130D,CAN,DFW,1420564983,1683,06/01/2015 17:23,07/01/2015 21:26
UES9152GS2,ULZ8130D,CAN,DFW,1420564983,1683,06/01/2015 17:23,07/01/2015 21:26
VZY2993ME9,ULZ8130D,CAN,DFW,1420564983,1683,06/01/2015 17:23,07/01/2015 21:26
WBE6936NU0,ULZ8130D,CAN,DFW,1420564983,1683,06/01/2015 17:23,07/01/2015 21:26
WTC9125IE9,ULZ8130D,CAN,DFW,1420564983,1683,06/01/2015 17:23,07/01/2015 21:26
WYU2011YH0,ULZ8130D,CAN,DFW,1420564983,1683,06/01/2015 17:23,07/01/2015 21:26
CXN7305ER1,DAU2617A,CGK,SFO,1420564986,1811,06/01/2015 17:23,07/01/2015 23:34
CYJ0225CH8,DAU2617A,CGK,SFO,1420564986,1811,06/01/2015 17:23,07/01/2015 23:34
EDV2089LK8,DAU2617A,CGK,SFO,1420564986,1811,06/01/2015 17:23,07/01/2015 23:34
EZC9679QI4,DAU2617A,CGK,SFO,1420564986,1811,06/01/2015 17:23,07/01/2015 23:34
LLZ3799PE0,DAU2617A,CGK,SFO,1420564986,1811,06/01/2015 17:23,07/01/2015 23:34
MXU9188YC0,DAU2617A,CGK,SFO,1420564986,1811,06/01/2015 17:23,07/01/2015 23:34
SJD8776RZ1,DAU2617A,CGK,SFO,1420564986,1811,06/01/2015 17:23,07/01/2015 23:34
UES9152GS3,DAU2617A,CGK,SFO,1420564986,1811,06/01/2015 17:23,07/01/2015 23:34
WBE6936NU1,DAU2617A,CGK,SFO,1420564986,1811,06/01/2015 17:23,07/01/2015 23:34
WYU2011YH1,DAU2617A,CGK,SFO,1420564986,1811,06/01/2015 17:23,07/01/2015 23:34
XFG5747ZT7,DAU2617A,CGK,SFO,1420564986,1811,06/01/2015 17:23,07/01/2015 23:34
YMH6361YP1,DAU2617A,CGK,SFO,1420564986,1811,06/01/2015 17:23,07/01/2015 23:34
CDC0302NN8,FYL5866L,ATL,HKG,1420565140,1751,06/01/2015 17:25,07/01/2015 22:36
CKZ3133BR3,FYL5866L,ATL,HKG,1420565140,1751,06/01/2015 17:25,07/01/2015 22:36
CXN7305ER2,FYL5866L,ATL,HKG,1420565140,1751,06/01/2015 17:25,07/01/2015 22:36
EZC9679QI5,FYL5866L,ATL,HKG,1420565140,1751,06/01/2015 17:25,07/01/2015 22:36
HCA3159QA4,FYL5866L,ATL,HKG,1420565140,1751,06/01/2015 17:25,07/01/2015 22:36
HGO4351KK3,FYL5866L,ATL,HKG,1420565140,1751,06/01/2015 17:25,07/01/2015 22:36
IEG9308EA8,FYL5866L,ATL,HKG,1420565140,1751,06/01/2015 17:25,07/01/2015 22:36
JJM4725RF2,FYL5866L,ATL,HKG,1420565140,1751,06/01/2015 17:25,07/01/2015 22:36
LLZ3799PE1,FYL5866L,ATL,HKG,1420565140,1751,06/01/2015 17:25,07/01/2015 22:36
POP2876LH0,FYL5866L,ATL,HKG,1420565140,1751,06/01/2015 17:25,07/01/2015 22:36
SPR4485HA2,FYL5866L,ATL,HKG,1420565140,1751,06/01/2015 17:25,07/01/2015 22:36
WYU2011YH2,FYL5866L,ATL,HKG,1420565140,1751,06/01/2015 17:25,07/01/2015 22:36
XFG5747ZT8,FYL5866L,ATL,HKG,1420565140,1751,06/01/2015 17:25,07/01/2015 22:36
YMH6361YP2,FYL5866L,ATL,HKG,1420565140,1751,06/01/2015 17:25,07/01/2015 22:36
BWI0521BG0,BER7172M,KUL,LAS,1420565167,1848,06/01/2015 17:26,08/01/2015 00:14
DAZ3030XA3,BER7172M,KUL,LAS,1420565167,1848,06/01/2015 17:26,08/01/2015 00:14
HCA3159QA5,BER7172M,KUL,LAS,1420565167,1848,06/01/2015 17:26,08/01/2015 00:14
HGO4351KK4,BER7172M,KUL,LAS,1420565167,1848,06/01/2015 17:26,08/01/2015 00:14
ONL0812DH9,BER7172M,KUL,LAS,1420565167,1848,06/01/2015 17:26,08/01/2015 00:14
PAJ3974RK7,BER7172M,KUL,LAS,1420565167,1848,06/01/2015 17:26,08/01/2015 00:14
PUD8210OG2,BER7172M,KUL,LAS,1420565167,1848,06/01/2015 17:26,08/01/2015 00:14
SJD8776RZ2,BER7172M,KUL,LAS,1420565167,1848,06/01/2015 17:26,08/01/2015 00:14
SPR4485HA3,BER7172M,KUL,LAS,1420565167,1848,06/01/2015 17:26,08/01/2015 00:14
WBE6936NU2,BER7172M,KUL,LAS,1420565167,1848,06/01/2015 17:26,08/01/2015 00:14
WTC9126IE0,BER7172M,KUL,LAS,1420565167,1848,06/01/2015 17:26,08/01/2015 00:14
WYU2011YH3,BER7172M,KUL,LAS,1420565167,1848,06/01/2015 17:26,08/01/2015 00:14
BWI0521BG1,KJR6646J,IAH,BKK,1420565203,1928,06/01/2015 17:26,08/01/2015 01:34
CDC0302NN9,KJR6646J,IAH,BKK,1420565203,1928,06/01/2015 17:26,08/01/2015 01:34
DAZ3030XA4,KJR6646J,IAH,BKK,1420565203,1928,06/01/2015 17:26,08/01/2015 01:34
EDV2089LK9,KJR6646J,IAH,BKK,1420565203,1928,06/01/2015 17:26,08/01/2015 01:34
HCA3159QA6,KJR6646J,IAH,BKK,1420565203,1928,06/01/2015 17:26,08/01/2015 01:34
JBE2303VO1,KJR6646J,IAH,BKK,1420565203,1928,06/01/2015 17:26,08/01/2015 01:34
KKP5277HZ5,KJR6646J,IAH,BKK,1420565203,1928,06/01/2015 17:26,08/01/2015 01:34
ONL0813DH0,KJR6646J,IAH,BKK,1420565203,1928,06/01/2015 17:26,08/01/2015 01:34
POP2876LH2,KJR6646J,IAH,BKK,1420565203,1928,06/01/2015 17:26,08/01/2015 01:34
PUD8210OG3,KJR6646J,IAH,BKK,1420565203,1928,06/01/2015 17:26,08/01/2015 01:34
SPR4485HA5,KJR6646J,IAH,BKK,1420565203,1928,06/01/2015 17:26,08/01/2015 01:34
UES9152GS4,KJR6646J,IAH,BKK,1420565203,1928,06/01/2015 17:26,08/01/2015 01:34
WBE6936NU3,KJR6646J,IAH,BKK,1420565203,1928,06/01/2015 17:26,08/01/2015 01:34
XFG5747ZT9,KJR6646J,IAH,BKK,1420565203,1928,06/01/2015 17:26,08/01/2015 01:34
YMH6361YP3,KJR6646J,IAH,BKK,1420565203,1928,06/01/2015 17:26,08/01/2015 01:34
BWI0521BG2,VYW5940P,LAS,SIN,1420565203,1843,06/01/2015 17:26,08/01/2015 00:09
CKZ3133BR4,VYW5940P,LAS,SIN,1420565203,1843,06/01/2015 17:26,08/01/2015 00:09
CXN7305ER3,VYW5940P,LAS,SIN,1420565203,1843,06/01/2015 17:26,08/01/2015 00:09
DAZ3030XA5,VYW5940P,LAS,SIN,1420565203,1843,06/01/2015 17:26,08/01/2015 00:09
EZC9679QI6,VYW5940P,LAS,SIN,1420565203,1843,06/01/2015 17:26,08/01/2015 00:09
JJM4725RF3,VYW5940P,LAS,SIN,1420565203,1843,06/01/2015 17:26,08/01/2015 00:09
KKP5277HZ6,VYW5940P,LAS,SIN,1420565203,1843,06/01/2015 17:26,08/01/2015 00:09
PIT2755XC6,VYW5940P,LAS,SIN,1420565203,1843,06/01/2015 17:26,08/01/2015 00:09
POP2876LH1,VYW5940P,LAS,SIN,1420565203,1843,06/01/2015 17:26,08/01/2015 00:09
SPR4485HA4,VYW5940P,LAS,SIN,1420565203,1843,06/01/2015 17:26,08/01/2015 00:09
UES9152GS5,VYW5940P,LAS,SIN,1420565203,1843,06/01/2015 17:26,08/01/2015 00:09
BWI0521BG3,YZO4444S,BKK,MIA,1420565330,2027,06/01/2015 17:28,08/01/2015 03:15
CKZ3133BR5,YZO4444S,BKK,MIA,1420565330,2027,06/01/2015 17:28,08/01/2015 03:15
CYJ0225CH9,YZO4444S,BKK,MIA,1420565330,2027,06/01/2015 17:28,08/01/2015 03:15
DAZ3030XA6,YZO4444S,BKK,MIA,1420565330,2027,06/01/2015 17:28,08/01/2015 03:15
EDV2090LK5,YZO4444S,BKK,MIA,1420565330,2027,06/01/2015 17:28,08/01/2015 03:15
HGO4351KK5,YZO4444S,BKK,MIA,1420565330,2027,06/01/2015 17:28,08/01/2015 03:15
IEG9308EA9,YZO4444S,BKK,MIA,1420565330,2027,06/01/2015 17:28,08/01/2015 03:15
JJM4725RF4,YZO4444S,BKK,MIA,1420565330,2027,06/01/2015 17:28,08/01/2015 03:15
LLZ3799PE2,YZO4444S,BKK,MIA,1420565330,2027,06/01/2015 17:28,08/01/2015 03:15
MXU9188YC1,YZO4444S,BKK,MIA,1420565330,2027,06/01/2015 17:28,08/01/2015 03:15
PUD8210OG4,YZO4444S,BKK,MIA,1420565330,2027,06/01/2015 17:28,08/01/2015 03:15
SPR4485HA6,YZO4444S,BKK,MIA,1420565330,2027,06/01/2015 17:28,08/01/2015 03:15
UES9152GS6,YZO4444S,BKK,MIA,1420565330,2027,06/01/2015 17:28,08/01/2015 03:15
VZY2994ME0,YZO4444S,BKK,MIA,1420565330,2027,06/01/2015 17:28,08/01/2015 03:15
WBE6936NU4,YZO4444S,BKK,MIA,1420565330,2027,06/01/2015 17:28,08/01/2015 03:15
XFG5748ZT0,YZO4444S,BKK,MIA,1420565330,2027,06/01/2015 17:28,08/01/2015 03:15